{
    "numpy_fft_time": [
        0.0006169629996293224,
        0.0008442150028713513,
        0.004165229998761788,
        0.021325132001948077,
        0.08525273300256231,
        0.5626716400001897,
        2.1038649160000205,
        8.437818308997521,
        36.64768825899955
    ],
    "sizes": [
        32,
        64,
        128,
        256,
        512,
        1024,
        2048,
        4096,
        8192
    ]
}