{
    "scipy_fft_time": [
        0.0009533709999232087,
        0.0005666430006385781,
        0.0018443570006638765,
        0.008259528996859444,
        0.03388841199921444,
        0.1642153069988126,
        0.9836968679992424,
        3.120312932998786,
        13.173846338002477
    ],
    "sizes": [
        32,
        64,
        128,
        256,
        512,
        1024,
        2048,
        4096,
        8192
    ]
}